ID,Name,Birthday
1,Richard Jones,1967-02-24
2,Barbara Thomas,1990-11-03
3,Robert Gonzalez,1966-04-12
4,Susan Martinez,1987-09-12
5,Elizabeth Thomas,1967-01-15
6,Patricia Jones,1987-02-22
7,Joseph Rodriguez,1991-12-14
8,Karen Williams,1986-04-26
9,Jessica Jackson,1989-08-21
10,Robert Martin,1980-03-01
11,Thomas Martinez,1963-11-28
12,Joseph Miller,1969-06-05
13,Charles Jackson,1992-08-25
14,Jennifer Jones,1984-10-03
15,William Davis,1976-03-17
16,Linda Anderson,1997-08-09
17,Richard Anderson,1965-04-08
18,Michael Jackson,1985-11-19
19,Elizabeth Martinez,1976-05-01
20,Susan Anderson,1981-11-07
21,Michael Johnson,1968-08-13
22,Barbara Davis,2000-03-31
23,John Davis,1989-11-27
24,William Jackson,1983-09-16
25,Jessica Jones,1968-03-08
26,John Johnson,1987-06-07
27,David Johnson,1996-09-13
28,Linda Anderson,1965-08-25
29,Mary Thomas,1968-05-15
30,David Davis,1981-04-17
31,John Davis,1966-05-14
32,Robert Martinez,1964-02-25
33,Susan Smith,1964-04-05
34,James Moore,1993-05-05
35,Jessica Anderson,1968-12-18
36,Karen Anderson,1998-04-10
37,James Wilson,1969-08-19
38,Sarah Gonzalez,1996-09-21
39,William Rodriguez,1979-06-10
40,Jennifer Williams,1979-07-21
41,Joseph Johnson,1993-01-15
42,Barbara Gonzalez,1999-09-29
43,Jennifer Davis,1988-07-30
44,John Johnson,1995-05-16
45,Barbara Anderson,1960-06-09
46,Richard Gonzalez,1986-08-10
47,Thomas Smith,1999-05-23
48,Barbara Lopez,1975-08-09
49,Michael Rodriguez,1981-02-13
50,Richard Gonzalez,1971-05-01
51,John Smith,1998-07-03
52,Elizabeth Williams,1979-07-30
53,Robert Moore,1977-05-26
54,Charles Gonzalez,1997-05-15
55,Linda Lopez,1995-12-29
56,Susan Gonzalez,1975-06-27
57,James Rodriguez,1999-08-25
58,Jennifer Wilson,1987-03-14
59,David Smith,1974-07-09
60,Jennifer Jones,1977-08-03
61,Linda Anderson,1984-05-30
62,William Jackson,1991-04-26
63,William Thomas,1984-02-01
64,John Wilson,1968-07-14
65,Patricia Gonzalez,1968-03-10
66,David Gonzalez,1994-09-22
67,Sarah Martin,1978-03-26
68,Barbara Martin,1965-07-04
69,Mary Anderson,1985-01-14
70,Richard Moore,1973-08-31
71,Sarah Hernandez,1998-09-22
72,Susan Miller,1967-10-27
73,John Garcia,1999-02-24
74,Elizabeth Anderson,1965-05-27
75,Joseph Miller,1999-08-24
76,Robert Anderson,1982-06-11
77,Elizabeth Martin,1971-07-18
78,Michael Hernandez,1982-09-11
79,Linda Moore,1976-04-07
80,David Williams,1966-12-26
81,William Smith,2000-12-14
82,Patricia Thomas,1974-04-10
83,Jessica Garcia,1982-10-22
84,Susan Lopez,1973-08-17
85,Mary Hernandez,1982-06-15
86,Susan Lopez,1978-08-01
87,David Jackson,1960-05-03
88,Sarah Thomas,1964-02-26
89,David Johnson,1988-10-06
90,Richard Rodriguez,1986-12-30
91,Elizabeth Miller,1992-10-16
92,Michael Davis,1986-01-12
93,Joseph Gonzalez,1966-06-20
94,William Williams,1970-02-23
95,William Johnson,1984-03-22
96,Richard Thomas,1992-11-04
97,Michael Lopez,1985-01-11
98,Charles Jackson,1962-05-29
99,Mary Anderson,1971-01-12
100,Susan Rodriguez,1983-01-04
101,Karen Hernandez,1987-03-17
102,Jessica Miller,1994-01-27
103,Jessica Rodriguez,1979-05-25
104,Mary Miller,1966-05-15
105,Robert Gonzalez,1992-04-01
106,Charles Anderson,1979-05-23
107,Elizabeth Wilson,1980-07-12
108,Charles Taylor,1980-11-22
109,Richard Martinez,1998-12-19
110,Robert Lopez,1968-07-03
111,Richard Taylor,1996-03-19
112,Patricia Davis,1963-06-15
113,John Davis,1960-07-12
114,Robert Martin,1971-08-21
115,Sarah Hernandez,1966-08-31
116,Richard Thomas,1976-04-24
117,John Williams,1962-09-20
118,James Jones,1964-02-14
119,Michael Jones,1965-01-15
120,William Davis,1979-02-19
121,David Miller,1971-05-03
122,Linda Johnson,1992-09-15
123,Mary Martinez,2000-07-28
124,Thomas Moore,1983-05-08
125,Joseph Smith,1982-03-20
126,Patricia Rodriguez,1969-12-26
127,James Miller,1986-09-03
128,John Moore,1993-04-27
129,Linda Moore,1983-04-21
130,Jennifer Davis,1972-10-08
131,Elizabeth Johnson,1999-05-06
132,Sarah Miller,1975-12-23
133,Patricia Hernandez,1988-05-27
134,Michael Martin,1977-07-21
135,Patricia Rodriguez,1973-07-02
136,David Moore,1963-07-27
137,Elizabeth Wilson,1993-01-18
138,Mary Anderson,1988-09-03
139,David Brown,1971-09-10
140,Elizabeth Lopez,1972-12-09
141,Karen Miller,1976-04-26
142,Jennifer Jones,1990-01-04
143,David Miller,1969-07-05
144,David Davis,1991-09-14
145,Karen Thomas,1968-12-23
146,Thomas Moore,1976-02-27
147,Joseph Johnson,1964-09-09
148,David Martinez,1969-10-24
149,Susan Martinez,1961-12-10
150,Sarah Jackson,1981-07-28
151,David Jackson,1962-12-21
152,John Johnson,1985-10-20
153,David Hernandez,1989-10-18
154,Robert Thomas,1987-09-21
155,James Jackson,1980-07-11
156,Linda Davis,1980-02-22
157,Jennifer Martin,1967-05-07
158,James Rodriguez,1989-10-10
159,John Lopez,1983-03-28
160,Mary Taylor,1976-04-03
161,Charles Taylor,1993-04-08
162,William Williams,1962-03-17
163,Robert Thomas,1977-08-02
164,Michael Smith,1984-03-12
165,Sarah Gonzalez,1989-03-05
166,Jennifer Smith,1997-02-07
167,Elizabeth Rodriguez,1971-11-09
168,Patricia Jones,1991-03-26
169,Jessica Brown,1964-06-04
170,Mary Jones,1990-03-05
171,Elizabeth Thomas,1964-05-12
172,Richard Thomas,1993-07-30
173,Richard Davis,1968-05-08
174,Thomas Rodriguez,1979-11-28
175,Linda Garcia,1998-09-14
176,Patricia Smith,1963-05-07
177,Elizabeth Gonzalez,1995-02-10
178,William Miller,1993-12-10
179,Elizabeth Jones,1975-09-16
180,Karen Davis,1972-11-22
181,Sarah Moore,1979-09-11
182,Thomas Anderson,1984-08-01
183,David Gonzalez,1997-03-13
184,Linda Garcia,1986-08-29
185,Jennifer Martinez,1961-07-11
186,Michael Johnson,1991-11-18
187,William Johnson,1972-03-02
188,Charles Lopez,1991-10-14
189,Charles Martin,1999-02-22
190,Michael Anderson,1963-02-11
191,Barbara Jackson,1964-08-26
192,Michael Moore,1995-07-13
193,Patricia Martin,1997-02-14
194,Michael Lopez,1997-09-17
195,Thomas Martinez,1979-07-02
196,Richard Taylor,1969-08-20
197,Jessica Wilson,1965-03-25
198,Richard Taylor,1995-06-10
199,Karen Brown,1997-04-10
200,John Gonzalez,1976-10-26
201,Robert Martinez,1962-05-03
202,Karen Davis,1974-10-14
203,Patricia Thomas,1976-06-25
204,Elizabeth Martin,1998-09-02
205,Elizabeth Johnson,1969-06-17
206,David Smith,1995-06-12
207,Karen Williams,1968-11-24
208,Linda Wilson,1960-12-12
209,Barbara Garcia,1982-04-22
210,William Brown,1970-02-28
211,Robert Martin,1992-01-04
212,Jennifer Smith,1965-09-23
213,Michael Miller,1981-10-27
214,David Martinez,1976-01-01
215,Mary Davis,1981-03-28
216,Thomas Smith,1960-05-29
217,Richard Moore,1985-11-10
218,Michael Gonzalez,1986-03-24
219,Robert Johnson,1989-07-12
220,Thomas Garcia,1987-07-26
221,Patricia Jones,1993-06-04
222,David Martinez,1967-12-01
223,Linda Thomas,1961-12-22
224,Patricia Brown,1990-01-25
225,Sarah Brown,1961-03-30
226,Mary Miller,1993-03-01
227,John Jackson,1974-10-22
228,Patricia Wilson,1999-01-12
229,Charles Moore,1970-04-24
230,Charles Wilson,1986-05-20
231,Jessica Lopez,1960-11-02
232,Thomas Brown,1975-05-06
233,William Smith,1994-02-17
234,Barbara Gonzalez,1979-09-30
235,Charles Gonzalez,1979-12-15
236,Thomas Johnson,1992-06-24
237,Barbara Rodriguez,1961-10-19
238,William Jackson,1993-07-22
239,Richard Jackson,2000-11-01
240,Patricia Moore,1987-12-23
241,Robert Taylor,1987-12-29
242,William Garcia,1971-12-23
243,Joseph Gonzalez,1986-02-05
244,William Miller,1996-10-09
245,Mary Jackson,1969-03-07
246,David Garcia,1994-01-04
247,Linda Jackson,1972-07-28
248,David Miller,1983-02-14
249,Patricia Davis,1963-09-26
250,David Brown,1980-09-15
251,Elizabeth Martinez,1991-02-13
252,James Hernandez,1992-08-21
253,Karen Johnson,1964-08-30
254,Barbara Williams,1992-07-22
255,Linda Anderson,1980-07-14
256,Joseph Jones,1978-10-09
257,Karen Martin,1977-02-04
258,Mary Thomas,1990-11-28
259,William Jones,1980-10-28
260,Mary Wilson,1992-11-20
261,Sarah Lopez,2000-03-11
262,Jennifer Williams,1999-07-15
263,James Davis,1970-05-08
264,Robert Hernandez,1998-05-03
265,Robert Martin,1978-11-03
266,Barbara Smith,1964-02-29
267,Karen Wilson,1982-10-25
268,Patricia Taylor,1995-08-03
269,John Jones,1993-03-05
270,Sarah Lopez,1974-08-15
271,David Williams,1967-11-16
272,Linda Davis,2000-05-16
273,Jessica Anderson,1997-03-16
274,Thomas Gonzalez,1988-04-06
275,Mary Wilson,1990-07-19
276,Jennifer Davis,1974-02-27
277,Barbara Taylor,1999-03-18
278,Robert Gonzalez,1964-12-27
279,Charles Wilson,1967-09-07
280,Charles Smith,1987-10-14
281,David Rodriguez,1971-03-08
282,Jennifer Lopez,1978-07-09
283,Elizabeth Brown,1969-11-24
284,Mary Wilson,1994-02-01
285,Karen Moore,1968-12-20
286,Thomas Williams,1981-04-20
287,Robert Thomas,1968-10-18
288,Thomas Davis,1999-01-15
289,Barbara Davis,1976-12-31
290,William Gonzalez,1964-10-29
291,Barbara Smith,1988-06-14
292,Linda Lopez,1974-08-12
293,Susan Lopez,1996-10-25
294,Susan Anderson,2000-03-08
295,Susan Smith,1996-02-01
296,Elizabeth Brown,1984-11-15
297,Thomas Gonzalez,1989-08-31
298,Elizabeth Lopez,1971-09-16
299,William Williams,1964-03-19
300,Patricia Johnson,1963-10-16
301,John Anderson,1967-07-14
302,Barbara Lopez,1976-05-12
303,Richard Moore,1978-08-05
304,James Lopez,1983-11-25
305,David Brown,1966-09-01
306,Elizabeth Taylor,1981-02-14
307,Michael Martin,1979-03-20
308,Richard Wilson,1998-04-29
309,Jessica Martin,1962-10-16
310,Barbara Johnson,1962-06-30
311,Barbara Moore,1962-06-01
312,Sarah Rodriguez,1966-02-06
313,Joseph Moore,1995-10-20
314,Robert Smith,1973-05-09
315,Karen Anderson,1980-11-21
316,Charles Martin,1967-05-11
317,Thomas Jones,1999-10-02
318,Robert Taylor,1993-03-20
319,Linda Johnson,1960-02-21
320,Barbara Anderson,1993-01-27
321,Elizabeth Rodriguez,1984-05-08
322,Joseph Brown,1989-11-25
323,Elizabeth Anderson,1986-01-09
324,Susan Lopez,1991-10-27
325,James Jones,1960-03-20
326,Thomas Lopez,1978-05-02
327,James Moore,1977-02-19
328,Barbara Martinez,1999-12-24
329,Patricia Taylor,1962-01-01
330,Mary Johnson,1971-03-29
331,Patricia Thomas,1988-06-27
332,James Johnson,1992-04-04
333,David Jones,1971-05-05
334,Karen Hernandez,1965-02-15
335,Karen Rodriguez,1968-03-05
336,Patricia Lopez,1960-06-06
337,Richard Johnson,1988-02-17
338,Jessica Rodriguez,1990-02-15
339,Robert Rodriguez,1962-11-26
340,Jennifer Wilson,1999-02-19
341,Karen Garcia,1993-06-06
342,Robert Brown,1968-06-03
343,Charles Jones,1965-04-03
344,Jennifer Rodriguez,1960-12-12
345,Linda Jones,1968-02-08
346,Patricia Jones,1983-09-07
347,David Rodriguez,1962-04-29
348,Jessica Johnson,1969-05-25
349,Patricia Anderson,1984-05-03
350,Patricia Rodriguez,1963-01-21
351,Patricia Thomas,1991-08-17
352,William Lopez,1986-02-28
353,John Thomas,1985-03-07
354,Linda Garcia,1995-02-25
355,Robert Gonzalez,1965-05-06
356,Karen Martin,1994-04-17
357,Sarah Wilson,1998-09-22
358,Thomas Brown,1994-01-21
359,Thomas Anderson,1991-02-03
360,Linda Miller,1990-03-16
361,Linda Gonzalez,1966-12-06
362,Thomas Gonzalez,1975-11-16
363,Elizabeth Martin,1984-10-07
364,David Taylor,1983-03-26
365,Richard Williams,1966-11-18
366,Elizabeth Johnson,1993-05-11
367,Thomas Smith,1962-03-26
368,Karen Smith,1988-03-01
369,Linda Martin,1977-10-27
370,Elizabeth Wilson,1971-01-16
371,Charles Taylor,1971-08-15
372,Barbara Thomas,1980-12-10
373,William Thomas,1972-06-23
374,Robert Jones,1971-09-23
375,James Gonzalez,1984-01-24
376,Susan Thomas,1978-09-09
377,Elizabeth Johnson,1982-05-25
378,Linda Johnson,1996-03-29
379,Jessica Garcia,1961-09-09
380,Jennifer Davis,1962-02-16
381,Jennifer Johnson,1988-05-16
382,Karen Brown,1996-09-26
383,Susan Davis,1963-08-08
384,Sarah Garcia,1972-06-09
385,Jennifer Miller,1996-10-15
386,Charles Johnson,1987-09-19
387,Jennifer Brown,1997-04-02
388,Richard Jackson,1991-05-16
389,Jennifer Thomas,2000-04-17
390,Barbara Jackson,1999-12-31
391,John Garcia,1995-07-02
392,Jennifer Gonzalez,2000-10-04
393,William Martin,1978-09-10
394,Richard Rodriguez,1985-11-16
395,Joseph Rodriguez,1979-12-09
396,Joseph Johnson,1974-05-10
397,Linda Wilson,2000-02-21
398,Michael Johnson,1997-01-26
399,Richard Brown,1973-07-11
400,Elizabeth Davis,1960-12-16
